lambda,mu1,theta,c,Empirical_Optimal_Cost,Empirical_Optimal_Cost_Std,Approx_Optimal_Cost,Empirical_Optimal_Mu2,Approx_Optimal_Mu2,Empirical_Optimal_Rho,Approx_Optimal_Rho,Mismatch_cost,Rel Mismatch Cost
0.1,0.5,1.1,0.5,0.490446243,0.001929451,1.006251202,0.283477123,0.29727786,0.309691607,0.295314578,-0.00086247,-0.001758541
0.1,0.5,1.2,0.5,0.489369072,0.001767382,1.005327824,0.286542027,0.296694324,0.305435701,0.294984292,-0.000541067,-0.001105642
0.1,0.5,1.5,0.5,0.486232904,0.001857732,1.003125034,0.28519008,0.295302593,0.304626272,0.294194473,-0.000989719,-0.002035483
0.1,0.5,2,0.5,0.482951364,0.002005812,1.000648791,0.28367094,0.293738695,0.303713054,0.293303433,-0.000668534,-0.001384268
0.1,0.5,4,0.5,0.47654574,0.001966951,0.996290475,0.280998925,0.290987811,0.302097293,0.291727047,-0.001933121,-0.004056528
0.1,0.7,1.1,0.5,0.507718931,0.001855151,1.020090102,0.306030852,0.306030852,0.300206483,0.300206483,0,0
0.1,0.7,1.2,0.5,0.506392244,0.001885637,1.019287797,0.305523554,0.305523554,0.299926375,0.299926375,0,0
0.1,0.7,1.5,0.5,0.504024512,0.001736364,1.017331205,0.294658639,0.304286578,0.309019449,0.299241757,-0.000318823,-0.000632555
0.1,0.7,2,0.5,0.500703106,0.001804514,1.015056809,0.293259039,0.30284904,0.308202794,0.298443262,-0.000289878,-0.000578942
0.1,0.7,4,0.5,0.494878705,0.001758358,1.010846524,0.290669399,0.300189087,0.306683265,0.296957631,-0.001027532,-0.002076331
0.1,0.9,1.1,0.5,0.517878921,0.001960405,1.027784398,0.301848936,0.310896807,0.31195179,0.302873217,-0.000739856,-0.001428627
0.1,0.9,1.2,0.5,0.516973812,0.001850657,1.027097102,0.311215361,0.31046225,0.301904254,0.302636606,-0.000661966,-0.001280463
0.1,0.9,1.5,0.5,0.51433291,0.001919574,1.025389971,0.310133894,0.309382963,0.301316375,0.302047727,-0.000700726,-0.001362398
0.1,0.9,2,0.5,0.51164763,0.002142606,1.023348283,0.304350752,0.308092356,0.305045877,0.30134127,-0.00029569,-0.000577917
0.1,0.9,4,0.5,0.505922653,0.002049661,1.019395805,0.304108142,0.305594667,0.301433352,0.299967069,-0.000365467,-0.000722377
0.1,1,1.1,0.5,0.521580943,0.002161704,1.030428745,0.313326081,0.312568719,0.303046534,0.303780824,-0.000811127,-0.001555132
0.1,1,1.2,0.5,0.520511949,0.002159591,1.02979265,0.306870707,0.31216657,0.308801699,0.303562921,-0.000847591,-0.00162838
0.1,1,1.5,0.5,0.518345724,0.001803776,1.028199941,0.302105447,0.311159686,0.312097818,0.303016281,-0.000491725,-0.000948643
0.1,1,2,0.5,0.51539448,0.002127841,1.026270851,0.309940286,0.309940286,0.302352243,0.302352243,0,0
0.1,1,4,0.5,0.510100291,0.001986172,1.02245906,0.296323659,0.307531439,0.312419953,0.301034015,-0.000285789,-0.00056026
0.1,1.2,1.1,0.5,0.527051491,0.002031338,1.034296537,0.315013605,0.315013605,0.30510007,0.30510007,0,0
0.1,1.2,1.2,0.5,0.526142885,0.002172462,1.033749695,0.305528835,0.314667955,0.314034852,0.30491412,-0.000267892,-0.000509162
0.1,1.2,1.5,0.5,0.523715925,0.001822833,1.032360833,0.314549914,0.313790089,0.303705635,0.304441042,-0.000752645,-0.001437125
0.1,1.2,2,0.5,0.521126949,0.002070683,1.03064008,0.313460136,0.312702504,0.303118935,0.303853348,-0.001058571,-0.002031311
0.1,1.2,4,0.5,0.51614075,0.001929623,1.027109439,0.309718263,0.310471393,0.303378181,0.302642258,-0.000499462,-0.000967686
0.3,0.5,1.1,0.5,0.81609519,0.003304906,1.352139908,0.513520989,0.533201195,0.409567141,0.39445021,-0.003543211,-0.004341664
0.3,0.5,1.2,0.5,0.812314985,0.003149327,1.348565691,0.509999582,0.530761163,0.409628747,0.393605457,-0.003822677,-0.004705905
0.3,0.5,1.5,0.5,0.802219869,0.003394431,1.340070214,0.504388179,0.524968248,0.407564049,0.391586518,-0.003824842,-0.004767823
0.3,0.5,2,0.5,0.79142909,0.003052044,1.330559135,0.499249799,0.518494308,0.404314232,0.389307647,-0.00357317,-0.004514833
0.3,0.5,4,0.5,0.771037889,0.002692357,1.313870011,0.471575841,0.507164448,0.414335429,0.385260795,-0.003898267,-0.00505587
0.3,0.7,1.1,0.5,0.88339403,0.003488773,1.415343648,0.560594188,0.577844429,0.420628908,0.408071982,-0.003950046,-0.004471443
0.3,0.7,1.2,0.5,0.879403973,0.003538738,1.411747991,0.554508893,0.575384429,0.422624661,0.407291406,-0.002981477,-0.003390338
0.3,0.7,1.5,0.5,0.868567039,0.003524469,1.403045307,0.531681669,0.569434241,0.434175046,0.40538994,-0.002357676,-0.002714443
0.3,0.7,2,0.5,0.856845832,0.003487149,1.393026977,0.515553409,0.562592136,0.439965864,0.403180006,-0.003363277,-0.003925183
0.3,0.7,4,0.5,0.834056626,0.002890399,1.374677373,0.503884766,0.548900624,0.435666015,0.399936635,-0.003717654,-0.004457316
0.3,0.9,1.1,0.5,0.926579156,0.003838638,1.45471418,0.58818554,0.604796504,0.428157982,0.416398461,-0.00332508,-0.003588555
0.3,0.9,1.2,0.5,0.922469888,0.003642254,1.451318805,0.583375029,0.602482971,0.429321196,0.415705136,-0.002664156,-0.002888068
0.3,0.9,1.5,0.5,0.912898462,0.003698328,1.442967718,0.580358007,0.596793229,0.425711203,0.413987447,-0.003062806,-0.003355035
0.3,0.9,2,0.5,0.900173075,0.003492013,1.43311069,0.573792461,0.59007984,0.423631157,0.411938093,-0.003295464,-0.003660923
0.3,0.9,4,0.5,0.87729723,0.003628558,1.41432785,0.560064532,0.577300468,0.420525708,0.407970454,-0.002819762,-0.003214147
0.3,1,1.1,0.5,0.942935207,0.003895192,1.469112746,0.599071265,0.615896902,0.430172672,0.41842082,-0.002290365,-0.002428974
0.3,1,1.2,0.5,0.938431836,0.003657107,1.465851317,0.596899139,0.613676271,0.429514222,0.417771847,-0.00397461,-0.004235374
0.3,1,1.5,0.5,0.929260921,0.004000736,1.45776983,0.587672866,0.606892226,0.430668968,0.417030332,-0.002648,-0.002849576
0.3,1,2,0.5,0.917071857,0.003640934,1.44812076,0.581280038,0.600333234,0.42867718,0.415071952,-0.003318254,-0.003618314
0.3,1,4,0.5,0.894605534,0.003445266,1.429389106,0.548899921,0.587607748,0.440204119,0.411206297,-0.00282355,-0.003156196
0.3,1.2,1.1,0.5,0.967974037,0.004019945,1.491100175,0.611036382,0.630826151,0.436386373,0.422696411,-0.003217802,-0.003324265
0.3,1.2,1.2,0.5,0.964463991,0.004252446,1.488125663,0.609072072,0.628811215,0.43580895,0.422128381,-0.002495564,-0.002587514
0.3,1.2,1.5,0.5,0.955613943,0.004100773,1.480656683,0.610674428,0.623748979,0.429697687,0.420690692,-0.001586224,-0.0016599
0.3,1.2,2,0.5,0.944674107,0.003845209,1.471548436,0.607195566,0.617572216,0.426075629,0.418916567,-0.00221167,-0.002341199
0.3,1.2,4,0.5,0.921265434,0.004324986,1.453237799,0.586010675,0.603876882,0.428851588,0.416163652,-0.002987455,-0.003242773
0.5,0.5,1.1,0.5,0.998467144,0.004046213,1.536580605,0.628096021,0.667978377,0.461414753,0.433865497,-0.003053069,-0.003057756
0.5,0.5,1.2,0.5,0.991880497,0.004039571,1.531073413,0.628480492,0.66270387,0.457265908,0.433651764,-0.004147633,-0.004181585
0.5,0.5,1.5,0.5,0.976819412,0.003585104,1.51793067,0.622282449,0.653420795,0.452558479,0.430992097,-0.003393559,-0.00347409
0.5,0.5,2,0.5,0.959623867,0.004166474,1.503119799,0.616259923,0.64299601,0.446538226,0.427970949,-0.003448552,-0.00359365
0.5,0.5,4,0.5,0.929020457,0.003855299,1.476844741,0.577560167,0.624594448,0.456954885,0.422544486,-0.004069027,-0.004379911
0.5,0.7,1.1,0.5,1.112579679,0.004558733,1.647916937,0.718561513,0.750115288,0.475014496,0.4550329,-0.004452652,-0.004002097
0.5,0.7,1.2,0.5,1.105245437,0.004369016,1.641822604,0.714330517,0.745740654,0.473888173,0.453928295,-0.003294175,-0.002980492
0.5,0.7,1.5,0.5,1.087818968,0.004683308,1.627074935,0.70115703,0.735177438,0.473134145,0.451239816,-0.003991951,-0.003669683
0.5,0.7,2,0.5,1.067888399,0.003904237,1.610083355,0.689467848,0.721588262,0.46994052,0.449021827,-0.003579355,-0.003351806
0.5,0.7,4,0.5,1.031689654,0.004615145,1.57884335,0.66667252,0.699441864,0.464978345,0.443193782,-0.00323441,-0.003135061
0.5,0.9,1.1,0.5,1.189880309,0.005503096,1.722808427,0.778945354,0.805910856,0.483575485,0.467395215,-0.005880422,-0.004942028
0.5,0.9,1.2,0.5,1.183866416,0.005912417,1.716616974,0.774618477,0.801467868,0.482533672,0.466368663,-0.004522487,-0.003820099
0.5,0.9,1.5,0.5,1.16642628,0.004822658,1.701442763,0.762465624,0.790592615,0.480943494,0.46383292,-0.003615594,-0.003099719
0.5,0.9,2,0.5,1.145098639,0.004419841,1.683600382,0.743892208,0.776292145,0.481843675,0.461733071,-0.004320817,-0.003773314
0.5,0.9,4,0.5,1.106040737,0.004473818,1.649683467,0.699497137,0.752178229,0.490232955,0.455897998,-0.004697142,-0.004246807
0.5,1,1.1,0.5,1.22058327,0.005806716,1.751579149,0.800725613,0.826611578,0.487376061,0.472113512,-0.006681106,-0.005473699
0.5,1,1.2,0.5,1.21488289,0.004938782,1.745442579,0.791611445,0.822223349,0.489355893,0.471136858,-0.00495919,-0.004082031
0.5,1,1.5,0.5,1.196996026,0.004695267,1.730314011,0.777927018,0.811412732,0.488882353,0.468706955,-0.004735968,-0.003956544
0.5,1,2,0.5,1.176224513,0.004807103,1.712358462,0.774979253,0.798601445,0.479982238,0.465784627,-0.004240904,-0.003605523
0.5,1,4,0.5,1.135555139,0.005233148,1.677681732,0.71862595,0.772404997,0.495443403,0.460947932,-0.00443195,-0.003902893
0.5,1.2,1.1,0.5,1.27125698,0.006070886,1.797281745,0.84084687,0.860858222,0.48958019,0.478199498,-0.002539593,-0.001997702
0.5,1.2,1.2,0.5,1.264669302,0.00602273,1.791374291,0.823441633,0.85666609,0.496588012,0.477328622,-0.00243488,-0.00192531
0.5,1.2,1.5,0.5,1.246015287,0.005194971,1.776647627,0.823179196,0.844567637,0.488427011,0.476057733,-0.003900319,-0.003130234
0.5,1.2,2,0.5,1.224909772,0.005026719,1.758857463,0.799441134,0.831959792,0.492611661,0.473357041,-0.006030223,-0.004922994
0.5,1.2,4,0.5,1.184555327,0.005090358,1.723459398,0.773574919,0.806908402,0.488013441,0.467853547,-0.004979871,-0.004204
0.1,0.5,1.1,0.75,0.581656922,0.001986634,1.350189016,0.335774654,0.344490909,0.261456559,0.254841226,-0.001691839,-0.002908654
0.1,0.5,1.2,0.75,0.580173531,0.001776497,1.349117374,0.327151215,0.343829988,0.267522054,0.254544886,-0.00194125,-0.003345982
0.1,0.5,1.5,0.75,0.577004277,0.001893831,1.346560692,0.332863356,0.342253547,0.26099716,0.253836349,-0.000887686,-0.001538439
0.1,0.5,2,0.75,0.573240507,0.001980651,1.343686277,0.325380209,0.340481841,0.264781217,0.253037189,-0.001299455,-0.002266858
0.1,0.5,4,0.75,0.566593776,0.001878016,1.338626207,0.314533041,0.337364779,0.269889022,0.25162382,-0.001150082,-0.002029818
0.1,0.7,1.1,0.75,0.600996706,0.002200466,1.366245592,0.343982369,0.354400433,0.267084752,0.259233447,-0.001709802,-0.002844944
0.1,0.7,1.2,0.75,0.600020209,0.001878191,1.365314656,0.343422637,0.353826307,0.266827407,0.258981794,-0.00170153,-0.002835788
0.1,0.7,1.5,0.75,0.596534295,0.001991345,1.363044264,0.341317113,0.352426273,0.266776105,0.258366804,-0.001970365,-0.00330302
0.1,0.7,2,0.75,0.593179095,0.002080964,1.360404888,0.335307504,0.350799043,0.269553333,0.257649663,-0.001286922,-0.002169534
0.1,0.7,4,0.75,0.586304149,0.001986328,1.355518279,0.336070989,0.347787529,0.265251816,0.256315804,-0.001678881,-0.002863498
0.1,0.9,1.1,0.75,0.613308754,0.002297314,1.375172897,0.350104247,0.359906107,0.268955081,0.261630226,-0.002462935,-0.004015816
0.1,0.9,1.2,0.75,0.612101613,0.002420589,1.37437542,0.349624057,0.359414509,0.268737919,0.261417498,-0.002168967,-0.003543475
0.1,0.9,1.5,0.75,0.608926692,0.002145859,1.372394564,0.348431371,0.358193473,0.268197494,0.260888117,-0.001873407,-0.003076572
0.1,0.9,2,0.75,0.606219323,0.002229268,1.370025389,0.346256721,0.356733213,0.26812748,0.260253148,-0.000464591,-0.000766374
0.1,0.9,4,0.75,0.599561687,0.0022431,1.365438463,0.343501049,0.353906723,0.266864793,0.259018353,-0.001171335,-0.001953652
0.1,1,1.1,0.75,0.616906605,0.002100641,1.378241161,0.356495769,0.361797309,0.266349256,0.262446349,-0.002496469,-0.004046754
0.1,1,1.2,0.75,0.616530428,0.002211433,1.377503081,0.352263816,0.361342437,0.269009167,0.262250392,-0.001749806,-0.00283815
0.1,1,1.5,0.75,0.613707745,0.002250859,1.375654978,0.35492184,0.360203479,0.265654125,0.261758857,-0.001561766,-0.002544804
0.1,1,2,0.75,0.610127149,0.002399664,1.373416466,0.349047255,0.358823997,0.268476946,0.261161856,-0.002069698,-0.00339224
0.1,1,4,0.75,0.603718173,0.002302131,1.36899289,0.34563789,0.356098484,0.267845125,0.259977023,-0.001136047,-0.001881751
0.1,1.2,1.1,0.75,0.623714021,0.002499022,1.382729253,0.359988676,0.364562412,0.26698249,0.263632975,-0.00126522,-0.002028526
0.1,1.2,1.2,0.75,0.622828312,0.002476569,1.382094706,0.359601964,0.364171524,0.266813622,0.263465692,-0.000988041,-0.001586378
0.1,1.2,1.5,0.75,0.620491297,0.002456666,1.380483079,0.354060816,0.363178716,0.269814047,0.263040144,-0.001602928,-0.002583321
0.1,1.2,2,0.75,0.617352997,0.002173113,1.378486284,0.352857035,0.361948627,0.269275354,0.262511572,-0.002144226,-0.003473258
0.1,1.2,4,0.75,0.610852339,0.002299783,1.374389011,0.349634134,0.35942482,0.268743106,0.261422579,-0.002356393,-0.003857549
0.3,0.5,1.1,0.75,0.956290832,0.00326843,1.745259214,0.560985016,0.606133726,0.374914333,0.34698832,-0.003035864,-0.003174624
0.3,0.5,1.2,0.75,0.951728127,0.003503234,1.741199965,0.558443271,0.603426697,0.374094381,0.346206907,-0.003964015,-0.004165071
0.3,0.5,1.5,0.75,0.939950834,0.003505023,1.731547787,0.575275084,0.59699849,0.357342938,0.344340048,-0.004819808,-0.005127724
0.3,0.5,2,0.75,0.927217879,0.003360648,1.720735188,0.563775506,0.589812194,0.358039321,0.342234021,-0.004231788,-0.004563963
0.3,0.5,4,0.75,0.904817199,0.002769702,1.70174502,0.544977343,0.576117374,0.358529727,0.339150643,-0.003588251,-0.003965719
0.3,0.7,1.1,0.75,1.031381332,0.003628468,1.81689448,0.620970031,0.654238353,0.379731886,0.360422345,-0.001997737,-0.001936953
0.3,0.7,1.2,0.75,1.026770247,0.003650172,1.812811823,0.610995636,0.651518734,0.383552875,0.359696691,-0.003352294,-0.003264892
0.3,0.7,1.5,0.75,1.014749793,0.003645708,1.802928165,0.610840288,0.644939386,0.377910425,0.357929625,-0.00440305,-0.00433905
0.3,0.7,2,0.75,1.001245208,0.00333893,1.791545864,0.602394136,0.637371651,0.376540685,0.355876984,-0.004647493,-0.004641713
0.3,0.7,4,0.75,0.975176005,0.003124237,1.7706851,0.586808714,0.623532177,0.374100559,0.352067586,-0.005438213,-0.005576648
0.3,0.9,1.1,0.75,1.08016302,0.004489057,1.861585047,0.654629398,0.685295794,0.384700617,0.367485596,-0.005022121,-0.00464941
0.3,0.9,1.2,0.75,1.076008009,0.004411981,1.85772542,0.652163621,0.682736328,0.384037468,0.366840397,-0.00391195,-0.003635614
0.3,0.9,1.5,0.75,1.063468538,0.004676835,1.848231658,0.644834647,0.675176595,0.383144588,0.365926348,-0.004183757,-0.003934067
0.3,0.9,2,0.75,1.049227526,0.004171223,1.837024191,0.636436225,0.667758107,0.381933577,0.364018589,-0.005667894,-0.005401968
0.3,0.9,4,0.75,1.023629923,0.00376668,1.815659948,0.620390306,0.653631039,0.379634452,0.360327953,-0.004033127,-0.003940025
0.3,1,1.1,0.75,1.097844321,0.004113231,1.877954981,0.666373814,0.696142249,0.386726011,0.370188834,-0.004689882,-0.004271901
0.3,1,1.2,0.75,1.094093127,0.004516859,1.874244363,0.664007668,0.693690287,0.386104983,0.369583767,-0.004553075,-0.004161506
0.3,1,1.5,0.75,1.082802815,0.004412807,1.865051103,0.65045611,0.68761354,0.389099991,0.36807371,-0.004603362,-0.004251339
0.3,1,2,0.75,1.07027945,0.003813836,1.854074189,0.642250265,0.679086444,0.387981915,0.36693633,-0.002733282,-0.002553802
0.3,1,4,0.75,1.043354924,0.003724878,1.832758992,0.633807411,0.665023401,0.381232534,0.363337599,-0.004145005,-0.003972766
0.3,1.2,1.1,0.75,1.126452634,0.004790834,1.902991973,0.684918188,0.712623866,0.389313578,0.374177688,-0.005176739,-0.004595612
0.3,1.2,1.2,0.75,1.12275683,0.004372985,1.899602469,0.682764871,0.710399671,0.388770822,0.373647499,-0.00496345,-0.00442077
0.3,1.2,1.5,0.75,1.111580526,0.005669594,1.891092782,0.676047185,0.704811197,0.388146561,0.372305932,-0.003939172,-0.003543758
0.3,1.2,2,0.75,1.099352893,0.00479344,1.880717022,0.669455467,0.697991256,0.38645025,0.370651109,-0.003507324,-0.003190353
0.3,1.2,4,0.75,1.072467772,0.004457501,1.85986033,0.653647031,0.684274815,0.384476019,0.367267073,-0.006208644,-0.005789119
0.5,0.5,1.1,0.75,1.162252932,0.004165826,1.952139608,0.705110226,0.75186885,0.411017682,0.385456547,-0.003577926,-0.00307844
0.5,0.5,1.2,0.75,1.154570915,0.004473161,1.94595573,0.714723405,0.747577848,0.402089397,0.38441843,-0.003704327,-0.003208401
0.5,0.5,1.5,0.75,1.137352583,0.00472837,1.931186401,0.703512916,0.737358943,0.400304234,0.38192959,-0.005211472,-0.004582108
0.5,0.5,2,0.75,1.118595589,0.003879603,1.914521961,0.689784163,0.72587788,0.398941622,0.379104558,-0.00575864,-0.005148098
0.5,0.5,4,0.75,1.083066229,0.004492954,1.884906645,0.654644127,0.70559793,0.403148717,0.374035876,-0.005901149,-0.005448558
0.5,0.7,1.1,0.75,1.289387089,0.00437562,2.076240977,0.786176746,0.841771494,0.434160812,0.405486688,-0.003672179,-0.002848004
0.5,0.7,1.2,0.75,1.282241853,0.005087145,2.069423851,0.799586603,0.836979624,0.423359749,0.404445669,-0.004337494,-0.003382742
0.5,0.7,1.5,0.75,1.262496181,0.005432463,2.052914118,0.786947625,0.825405478,0.421554524,0.401913169,-0.004688381,-0.00371358
0.5,0.7,2,0.75,1.240232497,0.004397747,2.033869547,0.755168694,0.812109427,0.429054967,0.398971947,-0.004395212,-0.003543861
0.5,0.7,4,0.75,1.19917067,0.004735688,1.998793162,0.720813175,0.787776616,0.430053578,0.393497698,-0.005801448,-0.004837884
0.5,0.9,1.1,0.75,1.378304573,0.005018804,2.15976396,0.872531507,0.902669421,0.431708052,0.417294381,-0.004815834,-0.003494027
0.5,0.9,1.2,0.75,1.369686616,0.005215283,2.152834823,0.837793514,0.8978098,0.446147519,0.4163237,-0.004262461,-0.003111997
0.5,0.9,1.5,0.75,1.349886722,0.005028583,2.135843843,0.832783101,0.884349251,0.440334201,0.414658441,-0.005892191,-0.004364952
0.5,0.9,2,0.75,1.325242414,0.005128006,2.115850444,0.817949206,0.870406246,0.438217622,0.411807426,-0.006712109,-0.005064816
0.5,0.9,4,0.75,1.281631565,0.004774298,2.077789194,0.807869668,0.843993846,0.424470137,0.406302191,-0.005856643,-0.004569678
0.5,1,1.1,0.75,1.411923429,0.004850054,2.191931123,0.876765636,0.925301821,0.445106969,0.421759134,-0.004593676,-0.003253488
0.5,1,1.2,0.75,1.404446325,0.005404313,2.185055799,0.86250217,0.920503673,0.449134784,0.420834524,-0.006947982,-0.004947132
0.5,1,1.5,0.75,1.384587653,0.004905077,2.168101209,0.849682121,0.908680761,0.447596556,0.418535097,-0.005089338,-0.003675707
0.5,1,2,0.75,1.359874324,0.005159877,2.147966774,0.842696203,0.893090213,0.441412071,0.416504706,-0.006092356,-0.004480088
0.5,1,4,0.75,1.314744121,0.004947567,2.109036088,0.850768751,0.866134193,0.418490319,0.411066194,-0.006205703,-0.004720084
0.5,1.2,1.1,0.75,1.465170142,0.005459217,2.243188235,0.915889441,0.960914984,0.44946688,0.428406234,-0.004585883,-0.003129932
0.5,1.2,1.2,0.75,1.459549453,0.0059122,2.236548613,0.911486443,0.95633946,0.448620215,0.4275796,-0.003875627,-0.002655358
0.5,1.2,1.5,0.75,1.440281384,0.006149265,2.220000026,0.898861373,0.944928784,0.447302517,0.425495509,-0.007638073,-0.005303181
0.5,1.2,2,0.75,1.416399402,0.00627113,2.200008107,0.890493375,0.931141697,0.442242509,0.42293673,-0.005748223,-0.004058335
0.5,1.2,4,0.75,1.370676188,0.005422233,2.160206902,0.852940353,0.903734231,0.442604171,0.417727851,-0.004581427,-0.003342458
0.1,0.5,1.1,1,0.659061962,0.002207999,1.679351047,0.375724157,0.383714058,0.233656751,0.228791424,-0.001472043,-0.002233543
0.1,0.5,1.2,1,0.657465703,0.00231527,1.678153969,0.375012043,0.382988847,0.233379612,0.228518835,-0.001875543,-0.002852686
0.1,0.5,1.5,1,0.654030098,0.002001331,1.675297901,0.372591086,0.381258955,0.233168194,0.227867148,-0.001805433,-0.002760474
0.1,0.5,2,1,0.649512193,0.00231473,1.672086667,0.369965979,0.379314608,0.232871596,0.227132217,-0.002093741,-0.003223559
0.1,0.5,4,1,0.642204142,0.00221081,1.666433028,0.365904452,0.375893338,0.231997764,0.225832719,-0.001159211,-0.001805051
0.1,0.7,1.1,1,0.681179536,0.002584381,1.697284659,0.390119508,0.394584392,0.23549821,0.232833451,-0.001496465,-0.002196873
0.1,0.7,1.2,1,0.680185426,0.002130804,1.696244751,0.382807959,0.393954749,0.239374782,0.23260177,-0.000866166,-0.001273426
0.1,0.7,1.5,1,0.676406851,0.002432646,1.693708537,0.370941541,0.392419251,0.24547062,0.232035635,-0.001351882,-0.001998623
0.1,0.7,2,1,0.672388841,0.002254504,1.690760019,0.374405199,0.390634431,0.241404915,0.231375548,-0.001370677,-0.002038518
0.1,0.7,4,1,0.664678042,0.002287216,1.685300644,0.380740296,0.38733085,0.234131877,0.230148051,-0.001355198,-0.002038879
0.1,0.9,1.1,1,0.694653768,0.002707798,1.707256957,0.391573654,0.400621525,0.240471531,0.235040581,-0.001132003,-0.001629593
0.1,0.9,1.2,1,0.693274558,0.002554681,1.706366052,0.385020306,0.400082539,0.244031913,0.234844644,-0.000722079,-0.001041548
0.1,0.9,1.5,1,0.689768347,0.002267678,1.704153114,0.388981642,0.398743744,0.240238641,0.234357083,-0.001695257,-0.002457719
0.1,0.9,2,1,0.686654797,0.002550234,1.701506309,0.386666048,0.397142541,0.240106268,0.233772342,-0.000198712,-0.000289391
0.1,0.9,4,1,0.678873579,0.002560112,1.696381626,0.382893956,0.394042892,0.239409202,0.232635427,-0.000993637,-0.001463655
0.1,1,1.1,1,0.699328117,0.002300689,1.710684753,0.407239086,0.402694908,0.233161271,0.235792361,-0.001977277,-0.002827395
0.1,1,1.2,1,0.69782297,0.00281283,1.709860164,0.393117613,0.402196235,0.24105304,0.235611842,-0.002649517,-0.003796833
0.1,1,1.5,1,0.694558628,0.00233946,1.707795446,0.391893315,0.400947554,0.240592139,0.235159063,-0.000934831,-0.001345935
0.1,1,2,1,0.691480747,0.00235956,1.705294532,0.400187137,0.39943508,0.234168298,0.234609191,-0.00100372,-0.001451552
0.1,1,4,1,0.683994462,0.002380512,1.700352237,0.385985896,0.396446491,0.239846649,0.233518081,-0.001056669,-0.00154485
0.1,1.2,1.1,1,0.705837134,0.002496086,1.715699186,0.390480249,0.405726036,0.246134531,0.236885643,-0.001615547,-0.002288838
0.1,1.2,1.2,1,0.704926244,0.002707042,1.714990203,0.390065699,0.405297566,0.245975749,0.236731504,-0.00148504,-0.00210666
0.1,1.2,1.5,1,0.702024952,0.002506493,1.713189533,0.402689617,0.404209267,0.237231301,0.236339415,-0.00181003,-0.002578299
0.1,1.2,2,1,0.699295419,0.002506134,1.710958518,0.400587892,0.40286079,0.237190651,0.235852446,-0.001696378,-0.002425839
0.1,1.2,4,1,0.692279371,0.002414828,1.706380558,0.397081302,0.400093821,0.236631045,0.234849324,-0.000681054,-0.000983785
0.3,0.5,1.1,1,1.074395152,0.003859049,2.115593329,0.626971591,0.667489664,0.335455906,0.315093004,-0.00361622,-0.003365819
0.3,0.5,1.2,1,1.069582608,0.003645247,2.111125422,0.623034857,0.664558019,0.335311079,0.314360047,-0.002639791,-0.002468057
0.3,0.5,1.5,1,1.056766923,0.004182321,2.100498486,0.638158628,0.65759536,0.322130705,0.312609396,-0.004224454,-0.003997527
0.3,0.5,2,1,1.041424395,0.003537194,2.088588751,0.628301212,0.649809781,0.321269154,0.310635212,-0.004480044,-0.004301843
0.3,0.5,4,1,1.01693341,0.003529512,2.067658378,0.577229518,0.635061005,0.338497204,0.30767214,-0.006443159,-0.006335871
0.3,0.7,1.1,1,1.156290548,0.004423937,2.194323094,0.689970995,0.719542836,0.341756571,0.327711026,-0.004013342,-0.003470877
0.3,0.7,1.2,1,1.151576332,0.004767585,2.189828497,0.685901969,0.716601286,0.341665637,0.327028625,-0.005811742,-0.005046771
0.3,0.7,1.5,1,1.138737718,0.003470314,2.178945964,0.677820659,0.709484107,0.340566358,0.325367279,-0.00350758,-0.003080235
0.3,0.7,2,1,1.123763094,0.004103789,2.166410054,0.648226742,0.701296076,0.349917531,0.323438144,-0.004372087,-0.003890577
0.3,0.7,4,1,1.094936592,0.004031225,2.143424346,0.637747711,0.686317452,0.344219924,0.319859954,-0.00404666,-0.003695794
0.3,0.9,1.1,1,1.211188409,0.004737398,2.243519459,0.730017622,0.751739653,0.344972951,0.335004722,-0.003046558,-0.002515346
0.3,0.9,1.2,1,1.204644191,0.004618924,2.239264826,0.726047663,0.748977194,0.344957057,0.334396384,-0.003960764,-0.003287912
0.3,0.9,1.5,1,1.192960319,0.0046099,2.228799834,0.718161022,0.742181731,0.344024387,0.332890039,-0.004945927,-0.004145928
0.3,0.9,2,1,1.177576056,0.004323432,2.216445182,0.707850116,0.734160497,0.343400896,0.331094311,-0.004032863,-0.003424716
0.3,0.9,4,1,1.148066852,0.004490169,2.19288893,0.679484942,0.718881366,0.346617739,0.327622255,-0.006183584,-0.005386084
0.3,1,1.1,1,1.230126437,0.005336863,2.261567837,0.7440306,0.763444797,0.346362215,0.337554317,-0.003753894,-0.003051633
0.3,1,1.2,1,1.225792463,0.004630798,2.257474461,0.729825649,0.760798816,0.351284817,0.336983529,-0.004355108,-0.003552892
0.3,1,1.5,1,1.212561404,0.004714485,2.247333521,0.722208389,0.754240657,0.350442435,0.3355593,-0.005006155,-0.004128579
0.3,1,2,1,1.199384157,0.004522671,2.235225526,0.72735454,0.746407736,0.342586007,0.333840976,-0.001357347,-0.001131703
0.3,1,4,1,1.170034582,0.003911328,2.211712482,0.707477146,0.731201298,0.341534716,0.33045347,-0.00193124,-0.001650584
0.3,1.2,1.1,1,1.262460158,0.005363075,2.289209168,0.754842041,0.7812284,0.353249999,0.341318813,-0.003317248,-0.002627606
0.3,1.2,1.2,1,1.256995277,0.005073365,2.285464635,0.763037385,0.778828699,0.347871632,0.340818283,-0.002888841,-0.002298211
0.3,1.2,1.5,1,1.245528624,0.005665908,2.276065129,0.759724313,0.772798864,0.34539554,0.339551987,-0.001812906,-0.001455531
0.3,1.2,2,1,1.231340785,0.004950718,2.264606469,0.735606613,0.765439482,0.351697807,0.337990447,-0.002582006,-0.002096906
0.3,1.2,4,1,1.203621805,0.004548305,2.241575448,0.721283388,0.750635014,0.348422843,0.334798675,-0.002328269,-0.001934386
0.5,0.5,1.1,1,1.299973113,0.004904089,2.341065285,0.782124431,0.82338204,0.370545605,0.351978494,-0.006222654,-0.004786756
0.5,0.5,1.2,1,1.292708677,0.004613704,2.334315173,0.779063356,0.818762475,0.368882326,0.350996426,-0.00341866,-0.002644571
0.5,0.5,1.5,1,1.272787973,0.004997089,2.318183084,0.763081925,0.807758681,0.369054999,0.348642738,-0.004389402,-0.003448651
0.5,0.5,2,1,1.250949589,0.004603302,2.29996377,0.748603555,0.795391707,0.367595921,0.345972444,-0.007139652,-0.005707386
0.5,0.5,4,1,1.213624253,0.004251598,2.267541719,0.722582531,0.773536335,0.365244008,0.341184929,-0.005632923,-0.004641406
0.5,0.7,1.1,1,1.439264137,0.005549607,2.475733932,0.865812466,0.919904653,0.394227559,0.37104621,-0.005676521,-0.003944044
0.5,0.7,1.2,1,1.430785777,0.005402848,2.468311743,0.856423994,0.914757106,0.395263077,0.370057561,-0.00671969,-0.004696503
0.5,0.7,1.5,1,1.410857327,0.006107997,2.450325814,0.857946739,0.902321185,0.386668912,0.367653267,-0.006138331,-0.004350781
0.5,0.7,2,1,1.385687435,0.005229416,2.429558686,0.847149879,0.886570386,0.382469369,0.365463233,-0.006647105,-0.004796973
0.5,0.7,4,1,1.339796219,0.004597187,2.391254721,0.82054596,0.860439073,0.377782965,0.36026756,-0.006744763,-0.005034171
0.5,0.9,1.1,1,1.535393153,0.006074181,2.566458668,0.937565952,0.983565926,0.401762539,0.382972679,-0.003770457,-0.002455695
0.5,0.9,1.2,1,1.526854525,0.005902322,2.558908153,0.930976695,0.978357973,0.401491788,0.382047786,-0.005207049,-0.003410311
0.5,0.9,1.5,1,1.504978173,0.005487941,2.540388046,0.915601462,0.965605001,0.40050491,0.379764894,-0.004984009,-0.003311682
0.5,0.9,2,1,1.480044486,0.006327288,2.518582193,0.916691869,0.95063466,0.391014438,0.377053111,-0.003921423,-0.00264953
0.5,0.9,4,1,1.428804534,0.005805331,2.477024386,0.895169763,0.922262896,0.38307432,0.371820823,-0.009324787,-0.006526286
0.5,1,1.1,1,1.572709399,0.006511777,2.601484835,0.965748642,1.007813335,0.404095308,0.387228945,-0.005425652,-0.003449876
0.5,1,1.2,1,1.564806375,0.006315257,2.593984826,0.959171342,1.002672469,0.403869162,0.386347225,-0.005799335,-0.003706104
0.5,1,1.5,1,1.542671363,0.006248553,2.575486391,0.945355592,0.990003212,0.402298134,0.384155108,-0.007247887,-0.00469827
0.5,1,2,1,1.516950506,0.005606214,2.55350991,0.960807163,0.974980478,0.387149774,0.381521769,-0.007068283,-0.004659534
0.5,1,4,1,1.465465272,0.006020915,2.510982705,0.924522873,0.946034492,0.385105114,0.376348315,-0.008309693,-0.005670345
0.5,1.2,1.1,1,1.633627415,0.006263271,2.657453345,1.012610978,1.045963232,0.406535164,0.393572123,-0.003758094,-0.00230046
0.5,1.2,1.2,1,1.622679392,0.005374395,2.650190401,1.006176145,1.041061825,0.406401251,0.392782863,-0.006417883,-0.003955115
0.5,1.2,1.5,1,1.602855801,0.007046977,2.632090458,0.990996196,1.028837284,0.405715941,0.39079353,-0.001201538,-0.000749623
0.5,1.2,2,1,1.577787618,0.006909358,2.610224941,0.973415952,1.014064273,0.40456911,0.388352134,-0.007867268,-0.004986266
0.5,1.2,4,1,1.526644588,0.006245188,2.566678843,0.930718479,0.984686974,0.4056167,0.383385754,-0.004270251,-0.002797148
0.1,0.5,1.1,1.5,0.789684179,0.002473772,2.312082529,0.430927107,0.450538681,0.203724677,0.194856711,-0.001092015,-0.00138285
0.1,0.5,1.2,1.5,0.787621379,0.002604094,2.310674184,0.431574839,0.449703941,0.202792557,0.194617296,-0.001465995,-0.001861294
0.1,0.5,1.5,1.5,0.783156861,0.002265094,2.307313905,0.436877777,0.447712612,0.198857427,0.194044993,-0.001747019,-0.00223074
0.1,0.5,2,1.5,0.778287373,0.002332868,2.303535468,0.422462127,0.445474137,0.203934417,0.193399707,-0.001771887,-0.002276649
0.1,0.5,4,1.5,0.76891429,0.002294319,2.296882369,0.417275864,0.441534586,0.203436197,0.192259038,-0.002378828,-0.003093749
0.1,0.7,1.1,1.5,0.814440678,0.002838718,2.333179158,0.449651299,0.463045952,0.204319315,0.198408916,-0.002662354,-0.003268935
0.1,0.7,1.2,1.5,0.812358004,0.002381418,2.331955416,0.448945576,0.462321723,0.204110647,0.198205205,-0.002991365,-0.003682324
0.1,0.7,1.5,1.5,0.808148423,0.002578431,2.328970814,0.446483832,0.460555436,0.203938516,0.19770747,-0.002658839,-0.003290038
0.1,0.7,2,1.5,0.803851036,0.002558636,2.325500907,0.443748281,0.458502128,0.203681365,0.197127232,-0.003158475,-0.003929179
0.1,0.7,4,1.5,0.795121383,0.002388031,2.319075689,0.437858427,0.454700952,0.203589642,0.196048501,-0.00169392,-0.002130392
0.1,0.9,1.1,1.5,0.829709111,0.003023489,2.344915156,0.456416728,0.469988534,0.206307768,0.200350241,-0.000978774,-0.001179659
0.1,0.9,1.2,1.5,0.82794445,0.002566679,2.343866469,0.461837697,0.469368814,0.203442123,0.200177854,-0.00198413,-0.002396453
0.1,0.9,1.5,1.5,0.82461855,0.00264565,2.341261636,0.456565425,0.467829389,0.204676954,0.199748932,-0.001219631,-0.001479024
0.1,0.9,2,1.5,0.820227221,0.002755144,2.3381461,0.454014927,0.465988061,0.204488743,0.199234593,-0.002108147,-0.002570199
0.1,0.9,4,1.5,0.811276049,0.002785034,2.332113692,0.449787572,0.462423033,0.203803622,0.198234798,-0.00178472,-0.002199892
0.1,1,1.1,1.5,0.835123614,0.002621151,2.34895027,0.459497128,0.472372298,0.206644127,0.201011751,-0.000810253,-0.000970219
0.1,1,1.2,1.5,0.833211899,0.002614931,2.347979527,0.458937621,0.471799002,0.206481647,0.200852896,-0.001706893,-0.00204857
0.1,1,1.5,1.5,0.830243907,0.002632291,2.345548881,0.469608864,0.470363384,0.200776557,0.200454487,-0.000967782,-0.00116566
0.1,1,2,1.5,0.826093906,0.00302667,2.342604767,0.454335247,0.468624332,0.206259896,0.199970711,-0.00202126,-0.002446768
0.1,1,4,1.5,0.817455424,0.003020757,2.336786541,0.453232574,0.465187539,0.204260305,0.199010971,-0.002719731,-0.003327069
0.1,1.2,1.1,1.5,0.843179588,0.00263741,2.354854307,0.464422314,0.475856654,0.206946717,0.201974002,-0.002165443,-0.002568187
0.1,1.2,1.2,1.5,0.841447644,0.002426293,2.354019484,0.463940256,0.475364156,0.206808315,0.201838319,-0.002086544,-0.002479707
0.1,1.2,1.5,1.5,0.838876098,0.002790302,2.35189926,0.468794394,0.474113169,0.203779275,0.201493204,-0.000947911,-0.001129977
0.1,1.2,2,1.5,0.835585927,0.002850898,2.34927239,0.472562995,0.472562995,0.201064628,0.201064628,0,0
0.1,1.2,4,1.5,0.827149364,0.002641836,2.343882215,0.458837933,0.469381748,0.20478203,0.200181971,-0.001791256,-0.002165577
0.3,0.5,1.1,1.5,1.274338252,0.004162378,2.816795651,0.725372625,0.769363675,0.289949353,0.273370488,-0.00499983,-0.003923472
0.3,0.5,1.2,1.5,1.268508309,0.004483727,2.811642896,0.721075656,0.766059081,0.289720626,0.272708065,-0.006029919,-0.004753551
0.3,0.5,1.5,1.5,1.254210213,0.004491605,2.799381993,0.71819223,0.75820903,0.28623324,0.271126405,-0.003977568,-0.003171373
0.3,0.5,2,1.5,1.236297301,0.004394123,2.785632409,0.691694888,0.749428415,0.291824911,0.269343669,-0.005970612,-0.004829431
0.3,0.5,4,1.5,1.207187555,0.0038445,2.761446086,0.699565355,0.734041818,0.279302822,0.266184532,-0.006724223,-0.005570156
0.3,0.7,1.1,1.5,1.369166229,0.005426222,2.907400061,0.78731164,0.827972922,0.299502903,0.284794484,-0.006551772,-0.004785228
0.3,0.7,1.2,1.5,1.36252272,0.004737322,2.902211195,0.78291181,0.824662881,0.29933018,0.284175678,-0.004751319,-0.003487148
0.3,0.7,1.5,1.5,1.3479104,0.004917248,2.889645327,0.772811002,0.816652699,0.298705521,0.282669626,-0.005382138,-0.003992949
0.3,0.7,2,1.5,1.330396569,0.005214749,2.875165403,0.760396015,0.807434743,0.298299697,0.280921651,-0.00406939,-0.00305878
0.3,0.7,4,1.5,1.297651411,0.003502574,2.848598442,0.745548844,0.790564701,0.294448137,0.27768185,-0.005231175,-0.004031264
0.3,0.9,1.1,1.5,1.429384387,0.00546557,2.964200458,0.834794475,0.864183105,0.301674653,0.291415479,-0.004928534,-0.003448012
0.3,0.9,1.2,1.5,1.424539435,0.005348799,2.959276404,0.821587374,0.861077121,0.304843129,0.290862757,-0.003579096,-0.002512458
0.3,0.9,1.5,1.5,1.409266334,0.005867869,2.947165486,0.820565097,0.853435541,0.301091171,0.289494512,-0.00532586,-0.003779172
0.3,0.9,2,1.5,1.391197024,0.005412067,2.932867497,0.809333014,0.844413521,0.30034159,0.28786413,-0.004213054,-0.003028366
0.3,0.9,4,1.5,1.358231892,0.004650092,2.905599663,0.776744863,0.827221531,0.303216082,0.284713979,-0.004710769,-0.00346831
0.3,1,1.1,1.5,1.452216832,0.005264256,2.985096156,0.852750102,0.877341418,0.302203525,0.293732955,-0.003996932,-0.002752297
0.3,1,1.2,1.5,1.44706421,0.005714041,2.980352355,0.848556123,0.874367096,0.302132838,0.293213995,-0.004213675,-0.002911878
0.3,1,1.5,1.5,1.431671881,0.005396843,2.968601841,0.838805843,0.866994238,0.301729499,0.291919433,-0.001152872,-0.000805263
0.3,1,2,1.5,1.415371529,0.005131004,2.954573872,0.827701373,0.858186486,0.301052403,0.290358205,-0.005076138,-0.003586435
0.3,1,4,1.5,1.381282468,0.004698376,2.927331261,0.786141439,0.84108158,0.307359457,0.287282485,-0.006340876,-0.004590572
0.3,1.2,1.1,1.5,1.488316926,0.004551322,3.017174662,0.859068161,0.897328382,0.310392077,0.297157602,-0.003560301,-0.002392166
0.3,1.2,1.2,1.5,1.48289723,0.005275864,3.012823991,0.87620847,0.89463167,0.302940532,0.296702061,-0.002997012,-0.002021052
0.3,1.2,1.5,1.5,1.469954627,0.004927776,3.001906326,0.831634345,0.887854916,0.315529765,0.295549853,-0.003814424,-0.002594926
0.3,1.2,2,1.5,1.45250364,0.005233524,2.98860175,0.856235172,0.879582635,0.302149738,0.294129536,-0.006150606,-0.004234486
0.3,1.2,4,1.5,1.419729957,0.004307865,2.961868383,0.814442898,0.86293689,0.308568727,0.29122826,-0.004797105,-0.003378886
0.5,0.5,1.1,1.5,1.534898976,0.006080629,3.072785241,0.877016933,0.943029109,0.330452879,0.307321129,-0.005278471,-0.00343897
0.5,0.5,1.2,1.5,1.525207935,0.004912343,3.065093968,0.898160712,0.937859831,0.319968018,0.306423938,-0.006603249,-0.004329409
0.5,0.5,1.5,1.5,1.503436345,0.005105767,3.046693951,0.871389213,0.926896699,0.323184169,0.303830188,-0.006493784,-0.004319294
0.5,0.5,2,1.5,1.479332407,0.005023333,3.025882828,0.874263164,0.913030491,0.314760617,0.301395863,-0.00676878,-0.004575564
0.5,0.5,4,1.5,1.43444448,0.004939653,2.988772136,0.824490139,0.88850902,0.320099571,0.297035746,-0.006185002,-0.004311775
0.5,0.7,1.1,1.5,1.693965725,0.006181622,3.224779481,1.023581344,1.049124877,0.333463615,0.32534462,-0.0060336,-0.003561819
0.5,0.7,1.2,1.5,1.683850232,0.006496174,3.216350616,1.0149704,1.043389095,0.333519858,0.324435807,-0.005163979,-0.003066769
0.5,0.7,1.5,1.5,1.660233185,0.00607681,3.195906256,0.98811178,1.02952793,0.335732595,0.322226646,-0.005014318,-0.003020249
0.5,0.7,2,1.5,1.631722458,0.006759978,3.172266868,0.971251477,1.013592022,0.333599368,0.319663999,-0.008076398,-0.004949615
0.5,0.7,4,1.5,1.578416744,0.005553821,3.128569071,0.896057925,0.984392677,0.345946703,0.314903079,-0.007278738,-0.004611417
0.5,0.9,1.1,1.5,1.803549521,0.005734096,3.327438866,1.059703813,1.11997964,0.355456754,0.33632654,-0.001816751,-0.00100732
0.5,0.9,1.2,1.5,1.792955267,0.006113408,3.318847473,1.039953635,1.114184304,0.359419387,0.33547367,-0.00733116,-0.004088869
0.5,0.9,1.5,1.5,1.768026537,0.007001043,3.297763912,1.064049469,1.099989513,0.344629542,0.333369434,-0.006200387,-0.003506954
0.5,0.9,2,1.5,1.737586956,0.005977601,3.272917577,1.020063095,1.083320113,0.351389789,0.330871505,-0.008120045,-0.004673173
0.5,0.9,4,1.5,1.682140608,0.00563549,3.22548644,0.980964684,1.051707864,0.349570738,0.326056846,-0.007892214,-0.004691768
0.5,1,1.1,1.5,1.846224666,0.006316983,3.3672499,1.117828688,1.146950399,0.349118339,0.34025403,-0.004383327,-0.002374211
0.5,1,1.2,1.5,1.835248858,0.006740281,3.358698605,1.086452418,1.141231615,0.356554709,0.339440058,-0.00453339,-0.002470177
0.5,1,1.5,1.5,1.810247969,0.007076565,3.337602407,1.055380084,1.127135187,0.360358128,0.337417193,-0.006180133,-0.00341397
0.5,1,2,1.5,1.780975094,0.006034489,3.312526059,1.055295931,1.110414379,0.352485275,0.334988706,-0.006339024,-0.0035593
0.5,1,4,1.5,1.723622894,0.006496823,3.263939071,0.993667362,1.078177293,0.358307518,0.330222579,-0.005033259,-0.002920163
0.5,1.2,1.1,1.5,1.913806297,0.007508643,3.431177971,1.157693283,1.187710311,0.355588113,0.346601327,-0.00667688,-0.003488796
0.5,1.2,1.2,1.5,1.904264975,0.007820752,3.422856375,1.127445412,1.182265766,0.362688286,0.345870832,-0.004937656,-0.002592946
0.5,1.2,1.5,1.5,1.880205658,0.00779062,3.402123494,1.148941607,1.170330048,0.349942027,0.343546639,-0.006708005,-0.003567697
0.5,1.2,2,1.5,1.849860334,0.006521657,3.377080788,1.111620246,1.153894501,0.354270288,0.341291188,-0.005542365,-0.002996099
0.5,1.2,4,1.5,1.791205725,0.006138967,3.327187777,1.081512804,1.121195521,0.349061941,0.336707515,-0.005260408,-0.002936797
0.1,0.5,1.1,2,0.899650485,0.002697521,2.923918319,0.48976183,0.506467985,0.179251384,0.173338668,-0.002653772,-0.002949781
0.1,0.5,1.2,2,0.897803885,0.002862138,2.92233102,0.488137636,0.505541573,0.179294032,0.173121598,-0.002298757,-0.002560422
0.1,0.5,1.5,2,0.892462679,0.002436797,2.918543678,0.485273375,0.503331435,0.179025669,0.172602752,-0.003268657,-0.003662514
0.1,0.5,2,2,0.886785951,0.002821546,2.914284873,0.481430403,0.500846787,0.178955395,0.172017811,-0.003628092,-0.004091283
0.1,0.5,4,2,0.876523627,0.002289557,2.90678543,0.479349653,0.496473457,0.177092054,0.170983994,-0.002531266,-0.002887847
0.1,0.7,1.1,2,0.927337167,0.002493438,2.947695734,0.506206501,0.520345302,0.18149203,0.176560536,-0.003308604,-0.003567854
0.1,0.7,1.2,2,0.926256639,0.002810356,2.946315989,0.495762091,0.519541908,0.184835778,0.176375708,-0.003120513,-0.003368951
0.1,0.7,1.5,2,0.921131059,0.002876949,2.942950927,0.502029635,0.51758246,0.181374253,0.175924142,-0.001642378,-0.001783001
0.1,0.7,2,2,0.915996343,0.002355869,2.939038685,0.514566747,0.515304439,0.175649235,0.175397781,-0.002573051,-0.002809019
0.1,0.7,4,2,0.906001103,0.002860293,2.931794229,0.492779706,0.511086799,0.180899171,0.174419375,-0.00324024,-0.003576419
0.1,0.9,1.1,2,0.944402605,0.003063368,2.960929209,0.510703952,0.528045704,0.184377497,0.178322284,-0.001929748,-0.002043353
0.1,0.9,1.2,2,0.943210722,0.002905153,2.959746464,0.513802402,0.527358413,0.18286649,0.178165816,-0.002071234,-0.00219594
0.1,0.9,1.5,2,0.938860549,0.003436911,2.956808701,0.506877798,0.525651071,0.184360848,0.177776525,-0.002155097,-0.002295439
0.1,0.9,2,2,0.932890707,0.003370209,2.953295033,0.504152426,0.523608769,0.184152524,0.177309754,-0.003051442,-0.003270953
0.1,0.9,4,2,0.924033078,0.002859799,2.946491803,0.498099628,0.519654238,0.184036147,0.176402557,-0.003961094,-0.004286745
0.1,1,1.1,2,0.950377746,0.003001555,2.965480467,0.51402726,0.530689244,0.184722466,0.178922758,-0.000491964,-0.000517651
0.1,1,1.2,2,0.94882079,0.003093803,2.964385485,0.530053491,0.530053491,0.178778552,0.178778552,0,0
0.1,1,1.5,2,0.945103588,0.003183676,2.961643828,0.511107459,0.528461416,0.184474809,0.178416906,-0.002578046,-0.002727792
0.1,1,2,2,0.938737897,0.003095716,2.958323093,0.508483357,0.526532727,0.184295394,0.177977808,-0.003241762,-0.00345332
0.1,1,4,2,0.929739426,0.002806757,2.951760716,0.502546805,0.522720808,0.184216521,0.177106827,-0.002736773,-0.002943591
0.1,1.2,1.1,2,0.959351911,0.003208092,2.972141045,0.520069435,0.534552933,0.184803541,0.179796363,-0.002954963,-0.003080166
0.1,1.2,1.2,2,0.957895644,0.003231586,2.971199174,0.519536572,0.534006846,0.184677475,0.179673169,-0.00324338,-0.003385943
0.1,1.2,1.5,2,0.954142939,0.003564943,2.968807152,0.517423196,0.532619696,0.184627559,0.179359836,-0.002504132,-0.002624483
0.1,1.2,2,2,0.950416846,0.003064164,2.965843654,0.521809118,0.53090071,0.182089004,0.178970759,-2.66E-05,-2.80E-05
0.1,1.2,4,2,0.941496908,0.003123909,2.95976297,0.525113341,0.52737273,0.178936157,0.178169552,-0.002374659,-0.002522216
0.3,0.5,1.1,2,1.443594641,0.00460324,3.485774792,0.816827702,0.856188115,0.257485542,0.245648496,-0.005449098,-0.003774673
0.3,0.5,1.2,2,1.43732024,0.005638526,3.480045308,0.792587768,0.852565669,0.26358026,0.245037418,-0.005681657,-0.003952951
0.3,0.5,1.5,2,1.420639935,0.004833408,3.466407976,0.79479582,0.843959318,0.258645659,0.24357867,-0.006268628,-0.004412538
0.3,0.5,2,2,1.402309576,0.004366772,3.451107788,0.781125253,0.83433066,0.258414125,0.241935013,-0.005345935,-0.003812236
0.3,0.5,4,2,1.36894443,0.003849955,3.424175377,0.775191145,0.817452616,0.252054709,0.239023736,-0.006148054,-0.004491091
0.3,0.7,1.1,2,1.548530964,0.00538309,3.586363863,0.888348765,0.919152766,0.265438678,0.256542906,-0.005349376,-0.003454484
0.3,0.7,1.2,2,1.542312613,0.004778866,3.580586728,0.890973405,0.915532858,0.263025958,0.255970205,-0.005370743,-0.003482266
0.3,0.7,1.5,2,1.525274167,0.005005712,3.566594653,0.88606872,0.906771743,0.260524842,0.25457665,-0.003188213,-0.002090256
0.3,0.7,2,2,1.505233716,0.005019791,3.55046729,0.871359167,0.897893834,0.26031275,0.252619956,-0.007992083,-0.00530953
0.3,0.7,4,2,1.469055941,0.00477037,3.520864943,0.845057581,0.879411788,0.259775752,0.249627616,-0.005558616,-0.003783801
0.3,0.9,1.1,2,1.616597077,0.005816895,3.649617293,0.940849095,0.958737826,0.26766921,0.26267487,-0.005091316,-0.003149403
0.3,0.9,1.2,2,1.609385939,0.00498529,3.644122185,0.936235026,0.955342968,0.26751324,0.262162672,-0.004079135,-0.002534591
0.3,0.9,1.5,2,1.593388538,0.006243968,3.630607815,0.897684215,0.946989881,0.275224741,0.26089498,-0.002120898,-0.001331061
0.3,0.9,2,2,1.574302636,0.006075022,3.614653643,0.887011281,0.937126292,0.274039766,0.259384851,-0.004410386,-0.002801485
0.3,0.9,4,2,1.536289925,0.00563829,3.584224226,0.88385389,0.918325761,0.266471118,0.256468395,-0.006905227,-0.004494742
0.3,1,1.1,2,1.641211356,0.005766575,3.672944633,0.929112609,0.973118121,0.277365827,0.264823028,-0.002516251,-0.001533167
0.3,1,1.2,2,1.635214429,0.005450997,3.667644298,0.928570139,0.969867695,0.276098335,0.2643419,-0.002979298,-0.001821962
0.3,1,1.5,2,1.618905434,0.005568715,3.654517338,0.911839413,0.96180975,0.277562543,0.263141922,-0.003721435,-0.002298735
0.3,1,2,2,1.600138216,0.004953107,3.63884866,0.907724796,0.952182253,0.274512152,0.26169516,-0.002696018,-0.001684866
0.3,1,4,2,1.562939862,0.004917368,3.6084214,0.871048929,0.933480908,0.27739889,0.258846222,-0.005941631,-0.003801574
0.3,1.2,1.1,2,1.680098787,0.006023994,3.708830894,0.956697691,0.994957912,0.278717042,0.267999226,-0.001786692,-0.001063445
0.3,1.2,1.2,2,1.673925756,0.006003213,3.703958871,0.96437664,0.99201144,0.275244183,0.267576612,-0.004013973,-0.00239794
0.3,1.2,1.5,2,1.659596354,0.005656631,3.691736378,0.949305307,0.984606595,0.276418332,0.266507853,-0.005379817,-0.003241642
0.3,1.2,2,2,1.641724763,0.005690603,3.676846855,0.936654212,0.97556665,0.276207836,0.265190731,-0.00456386,-0.002779918
0.3,1.2,4,2,1.604965467,0.004605043,3.646938374,0.915259354,0.957372558,0.274579667,0.262501371,-0.007372753,-0.004593714
0.5,0.5,1.1,2,1.73390691,0.005537925,3.766837554,0.988412479,1.044797879,0.293210351,0.277386446,-0.00388334,-0.002239647
0.5,0.5,1.2,2,1.723245375,0.006151171,3.758361183,0.977558949,1.03916103,0.293979921,0.276552617,-0.006153177,-0.003570691
0.5,0.5,1.5,2,1.697229898,0.005432609,3.738067308,0.991881072,1.025727099,0.28392436,0.274555677,-0.010823018,-0.006376872
0.5,0.5,2,2,1.670536377,0.005283341,3.715087778,0.978533904,1.010617209,0.281220315,0.272292625,-0.007756714,-0.004643248
0.5,0.5,4,2,1.621274099,0.004579371,3.67404369,0.932930285,0.985190596,0.282892456,0.267886174,-0.006332045,-0.003905598
0.5,0.7,1.1,2,1.910042646,0.006080753,3.933051413,1.103217063,1.158811811,0.309392545,0.294549237,-0.006376288,-0.003338296
0.5,0.7,1.2,2,1.898739124,0.006923362,3.923782158,1.104713648,1.152576714,0.306425818,0.29370087,-0.004709048,-0.002480092
0.5,0.7,1.5,2,1.87177538,0.006883216,3.901283046,1.102006191,1.137505748,0.301034,0.291639257,-0.00613478,-0.003277519
0.5,0.7,2,2,1.840706441,0.007219642,3.875238438,1.044252417,1.120173395,0.310278314,0.289248862,-0.006547369,-0.003556987
0.5,0.7,4,2,1.781634141,0.005577746,3.827011256,1.045657102,1.089824479,0.296453096,0.284438725,-0.008994188,-0.00504828
0.5,0.9,1.1,2,2.030337822,0.007989582,4.045625598,1.153289965,1.23418647,0.326612464,0.305204186,-0.00364859,-0.001797036
0.5,0.9,1.2,2,2.019578528,0.007213453,4.036158159,1.175779965,1.227899371,0.317899189,0.304405643,-0.004261022,-0.002109857
0.5,0.9,1.5,2,1.991506342,0.007244552,4.012916424,1.151555662,1.212497475,0.318441299,0.302435996,-0.002320182,-0.001165039
0.5,0.9,2,2,1.958855521,0.00604687,3.985508272,1.129605737,1.195948464,0.317314036,0.299711707,-0.005558624,-0.00283769
0.5,0.9,4,2,1.895859402,0.005576801,3.933119237,1.056223386,1.16158557,0.324662901,0.295214195,-0.007944452,-0.004190423
0.5,1,1.1,2,2.074364714,0.00684521,4.089459464,1.192250838,1.263437243,0.32732583,0.308883166,-0.00896607,-0.004322321
0.5,1,1.2,2,2.065701219,0.007627909,4.080018662,1.208900035,1.25723462,0.320439833,0.308120473,-0.005921329,-0.002866498
0.5,1,1.5,2,2.039231644,0.007421684,4.056724791,1.178161038,1.241943352,0.322803741,0.306225554,-0.006294061,-0.003086487
0.5,1,2,2,2.00475643,0.007755332,4.029025741,1.170257265,1.2238009,0.317858549,0.303951628,-0.007677323,-0.003829554
0.5,1,4,2,1.940482868,0.00680052,3.975307069,1.093542735,1.190345019,0.3255826,0.299105285,-0.00675073,-0.003478892
0.5,1.2,1.1,2,2.149901207,0.008335465,4.160152564,1.272758559,1.309446038,0.32344074,0.31437872,-0.008231809,-0.003828924
0.5,1.2,1.2,2,2.140638741,0.007233841,4.15092551,1.245392234,1.303535033,0.328339324,0.313694096,-0.00382299,-0.001785911
0.5,1.2,1.5,2,2.113225375,0.008274201,4.127943107,1.226269048,1.288789107,0.327874992,0.311969547,-0.005513446,-0.002609019
0.5,1.2,2,2,2.08074955,0.00723252,4.100188816,1.235191144,1.270961667,0.318828407,0.309855155,-0.00476264,-0.002288906
0.5,1.2,4,2,2.015115343,0.007082452,4.044882233,1.154529003,1.235481746,0.326986119,0.305560935,-0.007010604,-0.003479009
